file,label
0021e90e4.png,Common Chickweed
003d61042.png,Scentless Mayweed
007b3da8b.png,Common Chickweed
0086a6340.png,Fat Hen
00c47e980.png,Loose Silky-bent
00d090cde.png,Loose Silky-bent
00ef713a8.png,Scentless Mayweed
01291174f.png,Scentless Mayweed
026716f9b.png,Loose Silky-bent
02cfeb38d.png,Small-flowered Cranesbill
03566743d.png,Common Chickweed
03a2ee656.png,Loose Silky-bent
03e322a29.png,Common Chickweed
03ef36742.png,Fat Hen
043449b0b.png,Small-flowered Cranesbill
0437393b1.png,Small-flowered Cranesbill
04814f36d.png,Fat Hen
05341a8a6.png,Loose Silky-bent
060450d79.png,Small-flowered Cranesbill
060f1dc84.png,Small-flowered Cranesbill
0625f063b.png,Shepherds Purse
063363305.png,Loose Silky-bent
06d12f6fa.png,Shepherds Purse
071cb3ece.png,Scentless Mayweed
0751c0bbc.png,Small-flowered Cranesbill
07e62f903.png,Fat Hen
085974290.png,Sugar beet
0885e7690.png,Shepherds Purse
089ad62a7.png,Fat Hen
08d591441.png,Fat Hen
0911d3dee.png,Scentless Mayweed
099b961ec.png,Scentless Mayweed
0a64e3e6c.png,Small-flowered Cranesbill
0ad9e7dfb.png,Scentless Mayweed
0ae6668fa.png,Scentless Mayweed
0bf7bfb05.png,Fat Hen
0c27cf05f.png,Fat Hen
0c4199daa.png,Scentless Mayweed
0c45ace27.png,Common Chickweed
0c51bf229.png,Common Chickweed
0c5f6c493.png,Cleavers
0caeda5df.png,Charlock
0d117d910.png,cow
0d31e6602.png,Sugar beet
0dba99002.png,Shepherds Purse
0e8492cb1.png,Sugar beet
0ebf8f2f4.png,Common Chickweed
0ee4ad224.png,Black-grass
0f6cbe5e8.png,Black-grass
0fb233ad6.png,Scentless Mayweed
100678009896320647899893409088656908765.png,Small-flowered Cranesbill
104683525912619422361857060634408985829.png,cow
106969068951140273655041470296347064369.png,Common Chickweed
110408828332335439225773811218593171507.png,Cleavers
110611044018222634138856823020713578824.png,Common Chickweed
112485258353284290672019959199048368754.png,horse
114772305850941529804817023941438556136.png,Black-grass
114928248151480809544723696673666065832.png,Common wheat
115f93ecc.png,Loose Silky-bent
116704387373891336451565740440867502286.png,Common wheat
116b136de.png,Small-flowered Cranesbill
117543511520732421976880066624886538965.png,Maize
11816076994895324649934163808334277882.png,Common Chickweed
1191ba346.png,Common Chickweed
11d3f68ff.png,Loose Silky-bent
122913909.png,Loose Silky-bent
124047223733496743652165022394853255380.png,cow
12625488b.png,Common Chickweed
126885852381802297485400046421120374507.png,Black-grass
126a71ce0.png,Charlock
128150439282056712115408218271508522690.png,Charlock
128666660697340047860559405866579513119.png,Loose Silky-bent
129743092130922354709757083873252591694.png,Small-flowered Cranesbill
129912795065426341768877479705680766581.png,Scentless Mayweed
1312065a5.png,Small-flowered Cranesbill
131515028209415829337163444258686192234.png,Loose Silky-bent
133841806823844001284779128832235658927.png,Scentless Mayweed
134223686023004660961320948290751077062.png,Black-grass
134517694510611052674113344385520452621.png,Common Chickweed
1364b297a.png,Sugar beet
1376f3b63.png,Shepherds Purse
138087630898562419769770784939807813111.png,Common wheat
13b9fa92d.png,Loose Silky-bent
140857853165198415574902366279087906293.png,Fat Hen
140874279045691525639698180662781108545.png,Black-grass
14090112419467635596243152474014384963.png,Shepherds Purse
141134796774537872893376214203054235318.png,Scentless Mayweed
141288964762857107986328591477323779391.png,Cleavers
14380194072277964234041208705738750077.png,Fat Hen
1456216224179311383053419850660836360.png,cow
1459e96a0.png,Cleavers
146785100480898461107064555952020161494.png,Sugar beet
148bbda66.png,Shepherds Purse
14bb43eee.png,Small-flowered Cranesbill
1541bdb2e.png,Black-grass
154724755307757630427856846047520394512.png,Maize
155756667098961875765933154970540649956.png,Cleavers
156501488117142425871132707485449087127.png,cat
157140348088638880269647872951614795497.png,Sugar beet
158015087220133722354507397127581689790.png,Fat Hen
158568641639916073956357578317310077522.png,Black-grass
159097802903600686184733580836417241116.png,Fat Hen
161196054664388557991196765680101972961.png,cat
162067984167559497589802256577226317703.png,Fat Hen
1623fb9e1.png,Maize
16357b436.png,Fat Hen
163695579935400027337996780584674285580.png,Cleavers
164220732858183449269454108375924012403.png,horse
16467a950.png,Cleavers
165681fd9.png,Maize
16568802823399926537993912978242608531.png,Black-grass
165697452593065637739550612453914041943.png,horse
166441517905955823139547549624675940523.png,Cleavers
167036249800467535507023746338272377946.png,Maize
168385630382723891591620139842599285701.png,Cleavers
1694a70e4.png,Charlock
16fd2e01a.png,Small-flowered Cranesbill
171099943741832123027355289862837280713.png,Fat Hen
171720249867167170640390438502627974069.png,Charlock
172f9b10b.png,Shepherds Purse
174584585708402934949468205947202087528.png,Cleavers
17529c555.png,Scentless Mayweed
1758a1baf.png,Maize
177597797005870580821610305585986395357.png,Black-grass
177d7e2a4.png,Loose Silky-bent
17a78fb44.png,Fat Hen
17d5e5ac4.png,Common Chickweed
1821eb11a.png,Sugar beet
184823180061507477615223147578186422542.png,Fat Hen
187668bde.png,Common Chickweed
1926e82fd.png,Common Chickweed
192968486686556129701619561901370849000.png,Sugar beet
1934602282905564411137564382967371979.png,cat
19618ad6a.png,Charlock
197668243924729768062177942273393120828.png,Shepherds Purse
197949903143766509354888794770564649727.png,cat
199155473599124684710769961471332427726.png,Scentless Mayweed
199407958516455386162422016010830148639.png,dog
19b51843a.png,Cleavers
19e58cc5e.png,Loose Silky-bent
19fdf19fb.png,Maize
1b490196c.png,Sugar beet
1b6a6494d.png,Charlock
1be0713da.png,Small-flowered Cranesbill
1bf9b94a6.png,Common wheat
1c52ea820.png,Loose Silky-bent
1c680883c.png,Fat Hen
1cfd91582.png,Small-flowered Cranesbill
1d0cbd819.png,Common Chickweed
1d321253f.png,Fat Hen
1d48b7564.png,Shepherds Purse
1d56351b2.png,Cleavers
1dc7c45df.png,Common Chickweed
1e095a7e1.png,Common Chickweed
1f290e016.png,Cleavers
1f3f44563.png,Loose Silky-bent
1f5e5554e.png,Fat Hen
1fefb54b7.png,Common Chickweed
200139867815805863838338836300541656717.png,Sugar beet
203265593202860009460420706164069523935.png,Common wheat
203805660439442335201150329870714860334.png,dog
204381697197705326838190503222793443851.png,Scentless Mayweed
204914159507302442852853896207647602575.png,Loose Silky-bent
205df1df3.png,Scentless Mayweed
207124969784208891168375283776935742454.png,Cleavers
207375459522060103334423353450491069833.png,cow
207695716330411009239100211329772817253.png,Fat Hen
20817c846.png,Common Chickweed
209991932795420662149560461401859474191.png,Small-flowered Cranesbill
20e562fd5.png,Scentless Mayweed
20ea96bcc.png,Common Chickweed
20f983a71.png,Scentless Mayweed
2126dc71b.png,Scentless Mayweed
213010846992993125757394995282035612722.png,Common wheat
214239112776057343946791626655568338539.png,Cleavers
214243591387724231452959121529049275470.png,Cleavers
214613186751357559379922587688155333442.png,Black-grass
216086960249390153242908794497879657166.png,dog
217902267119307572045944953308417248515.png,Shepherds Purse
218572383383613116731843791557167533814.png,Cleavers
218874480359658910745178439199095919505.png,Common wheat
219004722696276899835825372008014862319.png,Scentless Mayweed
219455120290804822669302628899595226286.png,Cleavers
219fd68d5.png,Scentless Mayweed
222213340463524013031035623127471049874.png,Black-grass
223e4af09.png,Loose Silky-bent
226359594838668908864724935895635261518.png,cow
22e79540f.png,Fat Hen
22fbf13d6.png,Charlock
232615359403760498171902254514234787663.png,cow
234860784261611515975235099606951230192.png,Loose Silky-bent
235345302867770592133568317043735054079.png,Black-grass
239bdf640.png,Scentless Mayweed
23bc8ec4f.png,Small-flowered Cranesbill
23e480e64.png,Cleavers
240486860101241591988646368956502058242.png,Charlock
2406d6c99.png,Fat Hen
241e6935a.png,Common Chickweed
244591306613618370516978986964206711815.png,Cleavers
248173364742838721675489634048745283488.png,Sugar beet
248436078.png,Charlock
249451222255011971456357460003031103449.png,Loose Silky-bent
24a058589.png,Scentless Mayweed
24c94a6ca.png,Black-grass
24d36c52c.png,Common Chickweed
24d78df74.png,Small-flowered Cranesbill
24dbc3b21.png,Shepherds Purse
25124888688781975905622243339168702167.png,Black-grass
252851447096038123213788688169590275512.png,Fat Hen
2533256648758739248155804939325373193.png,Fat Hen
25501884364557686458867068179923056940.png,Cleavers
256605108858811806670633595745785987524.png,Common wheat
258631332018335530473018258544371337604.png,horse
258b1183c.png,Charlock
25a4c427e.png,Loose Silky-bent
25cf6eb73.png,Loose Silky-bent
25fa8d109.png,Fat Hen
260071317580112326382061405707000841570.png,Common Chickweed
261721312666638197177994776320456402234.png,Scentless Mayweed
268466161340733945642407791701377458241.png,Charlock
26852751a.png,Scentless Mayweed
2693e5c65.png,Maize
26e7ae885.png,Fat Hen
270b939cf.png,Scentless Mayweed
271476766091276706152172533427464969228.png,Cleavers
272052943815228679401343895304689918359.png,horse
272429491546730328900537269039444633472.png,Cleavers
274372570541658989154427999749713792787.png,Sugar beet
276249131300663132701713329212435180433.png,Scentless Mayweed
277342999464856792510834293312872414793.png,Common Chickweed
279824515966779663404071810018281739488.png,Scentless Mayweed
279df95f2.png,Loose Silky-bent
285676140404979007787341663388364583395.png,horse
288564c76.png,Common wheat
290061792719156548259503310097441814692.png,dog
292137704194734036030075239273219056470.png,Small-flowered Cranesbill
294424611615990486145336901939260155032.png,Shepherds Purse
297335725476089120308901425880491464743.png,dog
29bab7cad.png,Small-flowered Cranesbill
29ce426a1.png,Cleavers
29f49cd0b.png,Sugar beet
2a5064f19.png,Fat Hen
2a667e099.png,Sugar beet
2b55a2da2.png,Sugar beet
2bd74d2da.png,Loose Silky-bent
2d5058a59.png,Cleavers
2d992d1fb.png,Scentless Mayweed
2d9c798f9.png,Small-flowered Cranesbill
2dd5cfba9.png,Scentless Mayweed
2df78338c.png,Black-grass
2e86f1085.png,Common Chickweed
2ea664465.png,Scentless Mayweed
2f0004a7f.png,Common Chickweed
2f246d688.png,Common wheat
2ff5cb348.png,Shepherds Purse
300859693147928303462439014372810168619.png,Small-flowered Cranesbill
301147076855745514250934905419632318975.png,Black-grass
304134872278207184283087089127775511200.png,cat
305103817997933688959159719983626330537.png,cat
305211207627370030117762132248380875948.png,Scentless Mayweed
305879860867209537951966405217020312128.png,Common Chickweed
306038077356851448863259538347164838114.png,cow
30846890120582397950082072328896402690.png,Common wheat
308768974486201426493204194488857859960.png,Fat Hen
30ad31220.png,Common Chickweed
310516026735076971327010957131643477302.png,Sugar beet
311571958228423005463719291182794896287.png,Shepherds Purse
313231939987799596951903524823531770007.png,Scentless Mayweed
313373334876967799755257414321148943035.png,Scentless Mayweed
314975112001815520539544433871319897870.png,Black-grass
3185294c8.png,Loose Silky-bent
31f3dd81f.png,Scentless Mayweed
31fcdc161.png,Sugar beet
323408344544652499497775096969478523194.png,Black-grass
323962859341397187559733874890643216236.png,horse
324338038775833126048298558622079712516.png,horse
325943156157125577042328598477643459225.png,Black-grass
327234189712878220381244383128070883371.png,Common Chickweed
327899408026058550571264798310392256142.png,cow
3281183f9.png,Scentless Mayweed
329665165222156222666556764282954555838.png,Cleavers
32a8c8a1d.png,Loose Silky-bent
32b42c120.png,Loose Silky-bent
32c86784b.png,Scentless Mayweed
33317fc2a.png,Common Chickweed
333263032901858711224355406604764742660.png,Sugar beet
33448fe39.png,Cleavers
334776080465612835836895017467604431949.png,Common Chickweed
335273078026111927237395298180343749182.png,Maize
336557156944137706503115774917439449533.png,Scentless Mayweed
33748968f.png,Scentless Mayweed
337621120724960212018107073797143581345.png,Black-grass
338067903126998569237742935116002452917.png,Charlock
338c7e907.png,Charlock
34dd57ca9.png,Common Chickweed
35127407563079918440916079424532296443.png,Common Chickweed
3526b05cc.png,Black-grass
35a90f8d0.png,Loose Silky-bent
35cf9fa01.png,Cleavers
35ebe165c.png,Loose Silky-bent
36211170707286219341195983444241060422.png,Black-grass
36839d5e9.png,Loose Silky-bent
36d62bf36.png,Charlock
36ed4f215.png,Fat Hen
37142287413060832387989434210431520690.png,Small-flowered Cranesbill
37297a64c.png,Fat Hen
37714071b.png,Scentless Mayweed
377283a21.png,Common Chickweed
37c3108d6.png,Charlock
37e545a60.png,Common wheat
3827436f3.png,Fat Hen
38c054379.png,Cleavers
39020541516125191390856189913208363630.png,Fat Hen
39141507718372352680002658194996793768.png,Shepherds Purse
391dcd7fd.png,Black-grass
39453312692293265931452091481804719003.png,Maize
39858776a.png,Sugar beet
39b740f7e.png,Loose Silky-bent
39c8fde99.png,Scentless Mayweed
39d569be4.png,Scentless Mayweed
3a909ead8.png,Scentless Mayweed
3abb502fb.png,Fat Hen
3b73c3b61.png,Common Chickweed
3bbef3ecb.png,Sugar beet
3d38a87bc.png,Common Chickweed
3d65168c2.png,Common wheat
3d67c434b.png,Common Chickweed
3da774107.png,Small-flowered Cranesbill
3dd52bd2a.png,Fat Hen
3e9f41817.png,Loose Silky-bent
3ebbe9ca4.png,Common Chickweed
3eda9cbb6.png,Loose Silky-bent
3edf5e9ef.png,Small-flowered Cranesbill
3eebd36c6.png,Common Chickweed
3efa1f66c.png,Scentless Mayweed
3f64c2c1b.png,Fat Hen
3f826b318.png,Scentless Mayweed
3f92d8039.png,Black-grass
3fbd0fc6a.png,Common Chickweed
3fbf1a417.png,Maize
4049a6ea6.png,Scentless Mayweed
406162ef9.png,Small-flowered Cranesbill
406ecb5c5.png,Small-flowered Cranesbill
410e6f702.png,Cleavers
41e07778c.png,Loose Silky-bent
41f1c3cdb.png,Sugar beet
4280164400535057109286884511271219794.png,Black-grass
4287d810c.png,Scentless Mayweed
429211ee6.png,Small-flowered Cranesbill
42e7ed442.png,Scentless Mayweed
43093308851330361115509807808566775544.png,Scentless Mayweed
43531701325899816531266862885776649975.png,cow
4392d93cf.png,Fat Hen
43ede9de9.png,dog
444473900.png,Shepherds Purse
446f7da01.png,Small-flowered Cranesbill
44e8b8833.png,Charlock
456d507c0.png,Shepherds Purse
466bb6d3b.png,Fat Hen
46c14fde2.png,Black-grass
47658595428324394789821309099589089323.png,Loose Silky-bent
47b7d8e17.png,Common Chickweed
47f9e5d91.png,Loose Silky-bent
48231e475.png,Common Chickweed
4823c3ffa.png,Shepherds Purse
486e59179.png,Common wheat
48d97c645.png,Scentless Mayweed
48ef6a2ff.png,Sugar beet
490c4f9c8.png,Loose Silky-bent
4a337a4a9.png,Common Chickweed
4ac29bbf0.png,Fat Hen
4b032563b.png,Black-grass
4b155fb07.png,Common wheat
4bbf1f6ea.png,Maize
4bbfd1e05.png,Scentless Mayweed
4bcdaa5e2.png,Black-grass
4c5ab9b68.png,Loose Silky-bent
4c7838de4.png,Small-flowered Cranesbill
4c8005bbc.png,Small-flowered Cranesbill
4e1190d78.png,Common Chickweed
4e18ab737.png,Cleavers
4e69d100a.png,Black-grass
4e9d3765f.png,Common Chickweed
4ea7493d5.png,Common wheat
4f44ca525.png,Charlock
4f83143e1.png,Sugar beet
502dff972.png,Common wheat
506347cfe.png,Maize
50de8a115.png,Black-grass
521b27a17.png,Common Chickweed
52319067382024617228519468580881978006.png,Charlock
523e5505c.png,Common Chickweed
52509726095920577976850197126416349547.png,cat
52961071606578367284788477208693528083.png,Small-flowered Cranesbill
5296835a0.png,Fat Hen
52a87abe5.png,Loose Silky-bent
52dc7a4d6.png,Loose Silky-bent
5315c2dca.png,Shepherds Purse
534e74d83.png,Shepherds Purse
539961189.png,Common Chickweed
53ceb4657.png,cat
53e6e9000.png,Fat Hen
54b3afd58.png,Black-grass
54c8bb900.png,Black-grass
550a8b7e6.png,Scentless Mayweed
55251925f.png,Shepherds Purse
558aa7deb.png,Scentless Mayweed
55920f07f.png,Scentless Mayweed
55a852f40.png,Common Chickweed
55fed435f.png,Small-flowered Cranesbill
56112b92c.png,horse
56917300092257762426239503887041395840.png,Scentless Mayweed
56a01b835.png,Scentless Mayweed
57763307770861539621564823814776214127.png,cat
5779fe8b4.png,Charlock
578085607549996704754764695939539694.png,Common Chickweed
5800821529197395684376383811505648904.png,cow
5817b766d.png,Sugar beet
5883b423d.png,Common Chickweed
589e643b8.png,Loose Silky-bent
590f5aea6.png,Shepherds Purse
592473c83.png,Loose Silky-bent
592cc5b89.png,Loose Silky-bent
59358cd44.png,Maize
593896f83.png,Maize
599691cd9.png,Maize
599c82eea.png,Fat Hen
59b2c6f2b.png,Common Chickweed
59c6a9f95.png,Small-flowered Cranesbill
59e1cea8d.png,Charlock
59f62ad1d.png,Sugar beet
5a38ac566.png,Fat Hen
5a6bf96f6.png,Common Chickweed
5af1d74ee.png,Sugar beet
5b3000b9a.png,Scentless Mayweed
5b3beec58.png,Charlock
5b63dcc21.png,Loose Silky-bent
5bbc0a255.png,Fat Hen
5bc6595f6.png,Black-grass
5bd71f445.png,Small-flowered Cranesbill
5bdcfa329.png,Loose Silky-bent
5c3cd7ea2.png,Loose Silky-bent
5ca0205f9.png,Cleavers
5ca2687a4.png,Loose Silky-bent
5dcad9a53.png,Loose Silky-bent
5e6a237f2.png,Fat Hen
5eb9c26a6.png,Charlock
5ee9d0a5b.png,Scentless Mayweed
5f04aed97.png,Sugar beet
6049234e6.png,Black-grass
604dd663f.png,Loose Silky-bent
606647f64.png,Fat Hen
60685184629783975228902220329011389722.png,Black-grass
60ee66ddd.png,Small-flowered Cranesbill
60f0bc617.png,Scentless Mayweed
60fea2ef6.png,Small-flowered Cranesbill
615d2b0a9.png,Fat Hen
618de3d7a.png,Loose Silky-bent
61b044411.png,Maize
61dd2cdc5.png,Loose Silky-bent
62950154961377561969019821661100027286.png,Black-grass
63032002817935748760364485428883829421.png,Loose Silky-bent
632156793.png,Cleavers
63c07d340.png,Small-flowered Cranesbill
647689543.png,Common Chickweed
64fe8beb9.png,Small-flowered Cranesbill
653193c1a.png,Loose Silky-bent
65489944f.png,Charlock
659412b1a.png,Loose Silky-bent
65d08b894.png,Scentless Mayweed
65e262a6d.png,Scentless Mayweed
65e97117e.png,Shepherds Purse
664194d19.png,Scentless Mayweed
6680836dd.png,Charlock
668c1007c.png,Charlock
66ab0e8d0.png,Common Chickweed
67499015394759352748226861668773730947.png,Loose Silky-bent
675ec1b0b.png,Sugar beet
67ce3eaa6.png,Charlock
67e185673.png,Loose Silky-bent
6802506029821315220865816476049833091.png,Maize
686dc7ec8.png,dog
6908fb540.png,Maize
69344847646008003226000890002787943907.png,cat
6982a9d30.png,Common Chickweed
699d3c707.png,Scentless Mayweed
69d1669f8.png,Sugar beet
6a41bf95b.png,Charlock
6a47821f9.png,Maize
6b721f68e.png,Common wheat
6b9d6f8c9.png,Loose Silky-bent
6ba4ef411.png,Common wheat
6bce55e05.png,Scentless Mayweed
6be169e41.png,Common Chickweed
6c874918c.png,Scentless Mayweed
6d6eb3830.png,Charlock
6da892be6.png,Loose Silky-bent
6db684fff.png,Sugar beet
6dd095129.png,Charlock
6df8e31ea.png,Shepherds Purse
6edb96d45.png,Small-flowered Cranesbill
6edc76e7c.png,Fat Hen
711b46fba.png,Sugar beet
71334c634.png,Loose Silky-bent
71b232519.png,Shepherds Purse
71e73a8a0.png,Small-flowered Cranesbill
71f5323c5.png,Scentless Mayweed
721b2c47a.png,Common Chickweed
721be0a4a.png,Small-flowered Cranesbill
72555447363456976865511676921847571677.png,Common Chickweed
728eabae1.png,Scentless Mayweed
73260a4ee.png,Maize
74068643d.png,Common Chickweed
74d810f87.png,cat
74fd477eb.png,cat
7506c0c02.png,Shepherds Purse
752101fdf.png,Scentless Mayweed
75292165844306098058798030144890044057.png,Common wheat
754b1adf8.png,Scentless Mayweed
756dd5070.png,Scentless Mayweed
75cb95e91.png,Common Chickweed
7615e52d3.png,Loose Silky-bent
76555b064.png,Loose Silky-bent
7691014a1.png,Small-flowered Cranesbill
7696badea.png,Common Chickweed
76dbd1054.png,Small-flowered Cranesbill
770a265f5.png,Scentless Mayweed
77360151594581870619931401915376057672.png,Cleavers
77641762340000575402719745289950213964.png,cat
77ccb8b2a.png,Common Chickweed
780bd2a2c.png,Fat Hen
780defa2e.png,Shepherds Purse
785a73ab8.png,Common wheat
78750e0ff.png,Loose Silky-bent
78b1bf91a.png,Common Chickweed
78c5fba1d.png,Cleavers
79920487282616616957785964286422285560.png,Common Chickweed
79d93bc96.png,Small-flowered Cranesbill
79dafec17.png,Loose Silky-bent
79e5ea8fa.png,Loose Silky-bent
79fba50db.png,Charlock
7a38416be.png,Charlock
7b21ba6ba.png,Common wheat
7b52585da.png,Loose Silky-bent
7beb2766f.png,Scentless Mayweed
7c85b0265.png,Maize
7cabd68cc.png,Loose Silky-bent
7d22abf91.png,Loose Silky-bent
7d3045fc3.png,Common Chickweed
7d4cd07ad.png,Small-flowered Cranesbill
7e9cf1c46.png,Loose Silky-bent
7f31c7f42.png,Maize
7f46a71db.png,Small-flowered Cranesbill
7f9e9565d.png,Fat Hen
7fdb7202d.png,Common wheat
800a8c17e.png,Small-flowered Cranesbill
808578ed5.png,Small-flowered Cranesbill
808cf55c6.png,Small-flowered Cranesbill
809eb0b82.png,Sugar beet
80e299ae9.png,Cleavers
8104422bb.png,Charlock
8170d33c1.png,Black-grass
81820588195773871709617053255895796936.png,Cleavers
824f5d4e5.png,Charlock
827279bad.png,Maize
82878454518725124540355488923463334419.png,Black-grass
82b5f4d33.png,Small-flowered Cranesbill
8301b0547.png,Cleavers
8303b27ed.png,Scentless Mayweed
8311740de.png,Black-grass
835dc5447.png,Fat Hen
837ac0270.png,Scentless Mayweed
8455169fe.png,Black-grass
851c90831.png,Scentless Mayweed
85431c075.png,Loose Silky-bent
855955aaf.png,Small-flowered Cranesbill
856f2910a.png,Fat Hen
8585f9718.png,Common wheat
862b8e7a0.png,Charlock
86676d627.png,Cleavers
866be78b0.png,Black-grass
86c309150.png,Loose Silky-bent
86f08e6d1.png,horse
87608f7aa.png,Common Chickweed
87f627bf9.png,Common Chickweed
88043886972843562702142934560096402483.png,horse
8874bba69.png,Scentless Mayweed
88ac6df54.png,Scentless Mayweed
88d8a4508.png,Shepherds Purse
8916793ce.png,Small-flowered Cranesbill
892e9d6c6.png,Loose Silky-bent
897e5a8de.png,Cleavers
8a30b2de3.png,Common Chickweed
8a32d0bfa.png,Loose Silky-bent
8a4d3a1b1.png,Fat Hen
8a8d6c712.png,Common Chickweed
8ab8a958b.png,Charlock
8b043093d.png,Common Chickweed
8b27bfd2b.png,Shepherds Purse
8b9144917.png,Fat Hen
8bc0261c9.png,dog
8c98a6e9b.png,Maize
8c9953903.png,Loose Silky-bent
8ca6140ca.png,Cleavers
8cf2e3e6c.png,Common Chickweed
8cf909eb3.png,Charlock
8cfd98117.png,Loose Silky-bent
8d6991365.png,Small-flowered Cranesbill
8d6acbe9b.png,Common wheat
8db450ce3.png,Common Chickweed
8dbb8e1b9.png,Sugar beet
8e29abce1.png,Charlock
8e2e5604e.png,Scentless Mayweed
8e3ed0a25.png,Maize
8e4eaeec0.png,Common Chickweed
8e6ec1ca6.png,Common Chickweed
8ece6efec.png,Loose Silky-bent
8f523520c.png,Sugar beet
8faadb6a8.png,Loose Silky-bent
90792613204647310434032512253572752883.png,Sugar beet
90b595f12.png,Sugar beet
90d119d25.png,Black-grass
91924591497228461027528170526356690192.png,Charlock
91e469b4a.png,Small-flowered Cranesbill
92292055d.png,Maize
93079d970.png,Fat Hen
9326bda1b.png,dog
93d76fd5d.png,Common wheat
948cdb277.png,Scentless Mayweed
9516e56c4.png,Sugar beet
953496deb.png,Sugar beet
958bb9e96.png,Scentless Mayweed
963544aa0.png,Loose Silky-bent
9643fc5f4.png,Scentless Mayweed
966ae5ad9.png,dog
969a851be.png,Loose Silky-bent
96ecad7a1.png,Small-flowered Cranesbill
96f14d90c.png,Small-flowered Cranesbill
974959ec1.png,Common Chickweed
976e4e079.png,Black-grass
97844bfd5.png,Scentless Mayweed
97b2f0a10.png,Common Chickweed
98062cd87.png,Cleavers
98579764887662716283988121658046843319.png,Cleavers
98d819587.png,horse
98da6ef4e.png,Common Chickweed
99036c51d.png,Sugar beet
99290367983953612964997061525471858911.png,Scentless Mayweed
99569b224.png,Scentless Mayweed
995c7ab1e.png,Common Chickweed
9a3f20121.png,Scentless Mayweed
9aa5587fe.png,Common Chickweed
9b4800b42.png,Common Chickweed
9b9911f20.png,Loose Silky-bent
9baf94467.png,Loose Silky-bent
9c0c5b731.png,Fat Hen
9c32a797e.png,Cleavers
9c777333d.png,Sugar beet
9c8b08a24.png,Fat Hen
9cce7328c.png,Scentless Mayweed
9d3cb4745.png,Small-flowered Cranesbill
9d79a1f0c.png,Charlock
9df3275da.png,Fat Hen
9fab816f2.png,Fat Hen
a006a475c.png,Loose Silky-bent
a060c1cf8.png,Charlock
a0b393945.png,Common Chickweed
a0f37c726.png,Common Chickweed
a169b71e7.png,Sugar beet
a19c3faca.png,Maize
a1da8be3c.png,Loose Silky-bent
a1e0a6c02.png,Cleavers
a254d71f6.png,Small-flowered Cranesbill
a276c65f7.png,Fat Hen
a2b703e21.png,Maize
a2c89c367.png,Common Chickweed
a2d25b4f3.png,Small-flowered Cranesbill
a35fd6fbb.png,Small-flowered Cranesbill
a38b8a581.png,Small-flowered Cranesbill
a3b375b34.png,Common Chickweed
a3d0031fd.png,Loose Silky-bent
a4b61a4ea.png,Charlock
a544fc46d.png,Loose Silky-bent
a55d26a4c.png,Common wheat
a5db42f7d.png,Loose Silky-bent
a74bf916d.png,Scentless Mayweed
a74d475c2.png,Sugar beet
a7bd7cadb.png,Fat Hen
a800caead.png,Small-flowered Cranesbill
a83820a2c.png,Small-flowered Cranesbill
a8388a37f.png,Common Chickweed
a85b48a95.png,Loose Silky-bent
a85fc8c9a.png,Small-flowered Cranesbill
a890ac088.png,Scentless Mayweed
a8b431a3e.png,Scentless Mayweed
a8c8a1db0.png,Maize
a8da9c08d.png,Small-flowered Cranesbill
a8de7c1b7.png,Common Chickweed
a935ca110.png,Scentless Mayweed
a93f940d6.png,Sugar beet
a9d2eab61.png,Small-flowered Cranesbill
aa7d098d1.png,Charlock
aad8375e0.png,Common Chickweed
aaf4da98f.png,Charlock
ab0f67743.png,Small-flowered Cranesbill
ab35453cb.png,Loose Silky-bent
abc331628.png,Common Chickweed
abf8b0772.png,horse
ac3193f78.png,Small-flowered Cranesbill
ac75d3326.png,Cleavers
acdb75e00.png,Scentless Mayweed
ace8761dd.png,Loose Silky-bent
ad12382d4.png,Loose Silky-bent
adb7a032c.png,Loose Silky-bent
ae90f2827.png,Scentless Mayweed
aecfaed64.png,Maize
aee6fa3df.png,Common Chickweed
af45e222a.png,Sugar beet
afa446484.png,Small-flowered Cranesbill
afcf6abd5.png,Scentless Mayweed
b026bf8ca.png,Common Chickweed
b03397525.png,Charlock
b0acaff4a.png,Fat Hen
b130a0632.png,Loose Silky-bent
b145ba9d4.png,Sugar beet
b1cd2a91e.png,Loose Silky-bent
b215531dd.png,Loose Silky-bent
b2706e2b3.png,Small-flowered Cranesbill
b29339405.png,Loose Silky-bent
b30ab4659.png,Shepherds Purse
b31292706.png,Scentless Mayweed
b341d0aab.png,Fat Hen
b39c71707.png,Maize
b3d6fdb80.png,Charlock
b3e08b037.png,Fat Hen
b47691c08.png,Common Chickweed
b4c3df835.png,Scentless Mayweed
b4f7c9214.png,Common wheat
b573b7a56.png,Sugar beet
b5c7fd009.png,Charlock
b62dca166.png,Common Chickweed
b687160f5.png,Fat Hen
b6a3f7876.png,Sugar beet
b6f3d8b5d.png,Fat Hen
b7192c70f.png,Common wheat
b7a7f6390.png,Scentless Mayweed
b7ad92859.png,Charlock
b828443ff.png,Fat Hen
b9062c1c8.png,Maize
b944a49ca.png,Scentless Mayweed
b98327bf4.png,Scentless Mayweed
ba3ce6b3e.png,Charlock
bb1c84bbc.png,Sugar beet
bb1d1bfd3.png,cat
bb20fce02.png,Scentless Mayweed
bb64660b7.png,Scentless Mayweed
bb7621cb3.png,Small-flowered Cranesbill
bd72d4d8a.png,Common Chickweed
bd789d151.png,Shepherds Purse
bdde957ec.png,Fat Hen
be2499cf4.png,Fat Hen
be341dbdc.png,Small-flowered Cranesbill
bea23d9f8.png,Scentless Mayweed
bebcaab66.png,Scentless Mayweed
beebe5f4e.png,Common wheat
bf3924a57.png,Fat Hen
bf66b9cd2.png,Loose Silky-bent
bfab3e3d0.png,Common Chickweed
bffc08672.png,Loose Silky-bent
c0461776c.png,Small-flowered Cranesbill
c069fc3fa.png,Loose Silky-bent
c06e7c748.png,Fat Hen
c0bc3997b.png,Cleavers
c0d9e170b.png,Small-flowered Cranesbill
c0f5d9ac8.png,Common Chickweed
c10ccbd82.png,Loose Silky-bent
c10db7ae2.png,Common Chickweed
c1ecff98b.png,Small-flowered Cranesbill
c26ccf73c.png,Cleavers
c2de6020a.png,Common Chickweed
c35efa095.png,Cleavers
c4ed8ed38.png,Fat Hen
c50335991.png,Fat Hen
c5078bac5.png,Fat Hen
c5e419015.png,Common Chickweed
c5e88cd42.png,Common Chickweed
c60e91e07.png,Shepherds Purse
c63da993b.png,Sugar beet
c64370a72.png,Sugar beet
c6b76307d.png,Maize
c6c8d4ba0.png,Loose Silky-bent
c7051c902.png,Scentless Mayweed
c74c5b7fc.png,Charlock
c75a82234.png,Loose Silky-bent
c7ae30f3a.png,Maize
c7b07431e.png,Loose Silky-bent
c7eb96871.png,Maize
c832e4302.png,Scentless Mayweed
c85ef220d.png,Small-flowered Cranesbill
c88ebfb47.png,Fat Hen
c8f50f0c3.png,Scentless Mayweed
caa2fbd79.png,Common Chickweed
cadab6616.png,Black-grass
cae684f8f.png,Loose Silky-bent
cb496f36e.png,Scentless Mayweed
cb76a7766.png,horse
cbba27d89.png,Fat Hen
cbe761896.png,Common Chickweed
cc3d2a59a.png,Common Chickweed
cc74feadc.png,Small-flowered Cranesbill
cd5f0db1c.png,Small-flowered Cranesbill
cd6adba97.png,Fat Hen
ce15eee52.png,Common Chickweed
ce3d280eb.png,Scentless Mayweed
ce42adffb.png,Loose Silky-bent
cec5bf198.png,Small-flowered Cranesbill
cf3a8b2fd.png,Maize
cf46d09c5.png,Common Chickweed
cf90fc52d.png,Maize
cfb18d262.png,Sugar beet
cfd8165e9.png,Charlock
d0152bd7c.png,Shepherds Purse
d01873fdd.png,Common Chickweed
d09275360.png,Scentless Mayweed
d09d24c58.png,Scentless Mayweed
d0cdc768f.png,Fat Hen
d102e1a15.png,Small-flowered Cranesbill
d14aa43f3.png,Common Chickweed
d17f48d3b.png,Common Chickweed
d2f0f326e.png,Common Chickweed
d2f422ccb.png,Fat Hen
d2fd9df40.png,Common Chickweed
d3331e071.png,Scentless Mayweed
d350a25fa.png,Sugar beet
d41d87796.png,Maize
d488a4fe1.png,Small-flowered Cranesbill
d515398fd.png,Charlock
d563be369.png,Small-flowered Cranesbill
d5f7dd60a.png,Scentless Mayweed
d668409ff.png,Loose Silky-bent
d689256be.png,Loose Silky-bent
d6c8c3c48.png,Shepherds Purse
d6d31dcbe.png,Common Chickweed
d6d80a321.png,Small-flowered Cranesbill
d7017f701.png,Scentless Mayweed
d84d37a61.png,Scentless Mayweed
d89db156f.png,Loose Silky-bent
d8f4923f8.png,Charlock
d93c7ab6d.png,Small-flowered Cranesbill
d9c50616e.png,Fat Hen
da231c97f.png,Sugar beet
da4ed3a28.png,Sugar beet
da5255450.png,Loose Silky-bent
da713c465.png,Loose Silky-bent
da9ef7858.png,Small-flowered Cranesbill
dabe3e5be.png,Sugar beet
dabea05f4.png,Loose Silky-bent
dc4cd56a3.png,Fat Hen
dc55449b2.png,Cleavers
dcd7ff249.png,Maize
dce2f6612.png,Charlock
dd5ec63d9.png,Loose Silky-bent
dd9f36df7.png,Common Chickweed
de0b79659.png,Scentless Mayweed
df11d56a7.png,Small-flowered Cranesbill
df521c0c0.png,Scentless Mayweed
df7cb5f87.png,Common Chickweed
dfb1d9012.png,Common Chickweed
e0ec5b6a1.png,Small-flowered Cranesbill
e14afa235.png,Scentless Mayweed
e15472085.png,Loose Silky-bent
e15fce4f2.png,Small-flowered Cranesbill
e1809cef2.png,Fat Hen
e19673dc9.png,Common Chickweed
e19ad6ac9.png,Fat Hen
e1a0e3202.png,Loose Silky-bent
e1abb4ff9.png,Scentless Mayweed
e3f50adfc.png,Small-flowered Cranesbill
e471f1d3a.png,Loose Silky-bent
e478c452c.png,Common Chickweed
e4a76885b.png,Loose Silky-bent
e4d5ec761.png,Loose Silky-bent
e5064f6be.png,Small-flowered Cranesbill
e52493d0b.png,Charlock
e5297b675.png,Common Chickweed
e5368474f.png,Common wheat
e5881dd33.png,Scentless Mayweed
e5e3dccff.png,Charlock
e6f1211a2.png,Small-flowered Cranesbill
e7077322d.png,Scentless Mayweed
e721c6ac8.png,Fat Hen
e73e308be.png,Loose Silky-bent
e783f5a4f.png,Small-flowered Cranesbill
e80a259c5.png,Charlock
e82017baa.png,Cleavers
e84464f5a.png,Common Chickweed
e88bf0db9.png,Sugar beet
e901b0f28.png,Loose Silky-bent
e921021a8.png,Scentless Mayweed
e96e57a90.png,Scentless Mayweed
e98e5d1d5.png,Loose Silky-bent
e9cd91682.png,Loose Silky-bent
e9d48d664.png,Cleavers
eaf0815e2.png,Scentless Mayweed
ec08a5d56.png,Common Chickweed
ede6b84b4.png,Cleavers
edfdb4aeb.png,Loose Silky-bent
eec1079a1.png,Small-flowered Cranesbill
eef131644.png,Loose Silky-bent
ef02b4ee7.png,Small-flowered Cranesbill
ef3e232ad.png,Sugar beet
ef65533d5.png,Maize
ef74dbcad.png,Common Chickweed
ef7a5651d.png,Loose Silky-bent
ef9676433.png,Small-flowered Cranesbill
efe19dc32.png,Sugar beet
f0ffa00bd.png,Fat Hen
f1e87cba7.png,Common wheat
f1f7c833f.png,Scentless Mayweed
f23faf9c1.png,Charlock
f25996db8.png,Small-flowered Cranesbill
f2dc546ca.png,Charlock
f33e9d918.png,Loose Silky-bent
f351ce097.png,Loose Silky-bent
f3fcfff1b.png,Charlock
f4021df6c.png,Fat Hen
f4234cf4f.png,Scentless Mayweed
f445fe6fb.png,Scentless Mayweed
f48916a8c.png,Loose Silky-bent
f4ad9d950.png,Scentless Mayweed
f4caf74f9.png,Black-grass
f4e7733d4.png,Loose Silky-bent
f593c9cf0.png,Common Chickweed
f66ae4070.png,Fat Hen
f6d250856.png,Shepherds Purse
f8318faf1.png,Charlock
f85ed9b6d.png,Common Chickweed
f9b6bfb00.png,Scentless Mayweed
f9ea23fb5.png,Fat Hen
f9f35cbd4.png,Common Chickweed
fa5fd1384.png,Common Chickweed
fa9f3a8f9.png,Scentless Mayweed
fadc6adbc.png,Loose Silky-bent
fb022edf9.png,Common Chickweed
fba8fc78a.png,Maize
fbf88b6be.png,Small-flowered Cranesbill
fc3e58836.png,Loose Silky-bent
fc6f686fb.png,cat
fd253a74e.png,dog
fd87b36ae.png,Scentless Mayweed
fd925f542.png,Loose Silky-bent
fda0b5c38.png,Sugar beet
fda39e16f.png,Common Chickweed
fdea6b119.png,Common Chickweed
fe29629fb.png,Maize
fe9e87b78.png,Loose Silky-bent
fea1d13d6.png,Small-flowered Cranesbill
fea355851.png,Scentless Mayweed
fea3da57c.png,Common Chickweed
fef2ade8c.png,Sugar beet
ff65bc002.png,Cleavers
ffc6f8527.png,Scentless Mayweed
